code,proto,pulselength,first_seen_utc,last_seen_utc,count
None,0,0,2025-10-08 23:30:21Z,2025-10-08 23:30:21Z,1
None,0,0,2025-10-08 23:30:21Z,2025-10-08 23:30:21Z,1
4199697,3,146,2025-10-09 00:16:35Z,2025-10-09 00:16:35Z,1
4199697,3,146,2025-10-09 00:16:35Z,2025-10-09 00:16:35Z,1
4199697,1,325,2025-10-09 00:21:03Z,2025-10-09 00:21:03Z,1
4199697,1,326,2025-10-09 00:21:04Z,2025-10-09 00:21:04Z,1
4199697,1,325,2025-10-09 00:21:03Z,2025-10-09 00:21:03Z,1
4199697,1,326,2025-10-09 00:21:04Z,2025-10-09 00:21:04Z,1
4199697,1,331,2025-10-09 00:27:26Z,2025-10-09 00:27:27Z,2
4199697,1,326,2025-10-09 00:27:26Z,2025-10-09 00:27:26Z,1
4199697,1,328,2025-10-09 00:27:28Z,2025-10-09 00:27:28Z,1
4199697,1,329,2025-10-09 00:27:28Z,2025-10-09 00:27:28Z,1
4199697,1,331,2025-10-09 00:27:26Z,2025-10-09 00:27:27Z,2
4199697,1,326,2025-10-09 00:27:26Z,2025-10-09 00:27:26Z,1
4199697,1,328,2025-10-09 00:27:28Z,2025-10-09 00:27:28Z,1
4199697,1,329,2025-10-09 00:27:28Z,2025-10-09 00:27:28Z,1
4199697,1,331,2025-10-09 00:27:26Z,2025-10-09 00:27:27Z,2
4199697,1,326,2025-10-09 00:27:26Z,2025-10-09 00:27:26Z,1
4199697,1,328,2025-10-09 00:27:28Z,2025-10-09 00:27:28Z,1
4199697,1,329,2025-10-09 00:27:28Z,2025-10-09 00:27:28Z,1
4199697,1,324,2025-10-09 00:40:10Z,2025-10-09 00:41:17Z,4
4199697,1,327,2025-10-09 00:40:10Z,2025-10-09 00:40:13Z,3
4199697,1,329,2025-10-09 00:40:13Z,2025-10-09 00:40:16Z,2
4199697,1,328,2025-10-09 00:40:15Z,2025-10-09 00:40:52Z,2
4199697,1,325,2025-10-09 00:40:16Z,2025-10-09 00:41:14Z,2
4199697,1,362,2025-10-09 00:40:08Z,2025-10-09 00:40:08Z,1
4101,3,144,2025-10-09 00:40:11Z,2025-10-09 00:40:11Z,1
2,5,752,2025-10-09 00:40:11Z,2025-10-09 00:40:11Z,1
524288,5,726,2025-10-09 00:40:12Z,2025-10-09 00:40:12Z,1
4199697,3,144,2025-10-09 00:40:14Z,2025-10-09 00:40:14Z,1
4199697,1,332,2025-10-09 00:40:14Z,2025-10-09 00:40:14Z,1
4194304,5,756,2025-10-09 00:40:14Z,2025-10-09 00:40:14Z,1
2176,4,1737,2025-10-09 00:40:15Z,2025-10-09 00:40:15Z,1
16,2,1004,2025-10-09 00:40:17Z,2025-10-09 00:40:17Z,1
4199697,1,326,2025-10-09 00:40:52Z,2025-10-09 00:40:52Z,1
4199697,3,143,2025-10-09 00:40:52Z,2025-10-09 00:40:52Z,1
4200209,3,141,2025-10-09 00:40:54Z,2025-10-09 00:40:54Z,1
4199697,1,330,2025-10-09 00:41:13Z,2025-10-09 00:41:13Z,1
524288,4,1743,2025-10-09 00:41:14Z,2025-10-09 00:41:14Z,1
4199697,1,331,2025-10-09 00:41:17Z,2025-10-09 00:41:17Z,1
4199697,1,328,2025-10-09 00:40:15Z,2025-10-09 00:49:01Z,9
4199697,1,327,2025-10-09 00:40:10Z,2025-10-09 00:49:02Z,7
4199508,1,328,2025-10-09 00:48:22Z,2025-10-09 00:49:20Z,7
4198740,1,328,2025-10-09 00:48:25Z,2025-10-09 00:49:15Z,6
4198737,1,328,2025-10-09 00:48:31Z,2025-10-09 00:48:58Z,5
4195665,1,327,2025-10-09 00:48:43Z,2025-10-09 00:48:56Z,5
4195668,1,328,2025-10-09 00:48:47Z,2025-10-09 00:49:12Z,5
4195668,1,327,2025-10-09 00:48:47Z,2025-10-09 00:49:13Z,5
4198740,1,327,2025-10-09 00:49:15Z,2025-10-09 00:49:16Z,5
4199697,1,324,2025-10-09 00:40:10Z,2025-10-09 00:41:17Z,4
4199697,1,329,2025-10-09 00:40:13Z,2025-10-09 00:48:37Z,4
4199700,1,328,2025-10-09 00:48:19Z,2025-10-09 00:49:23Z,4
4199508,1,327,2025-10-09 00:48:23Z,2025-10-09 00:49:21Z,4
4199700,1,329,2025-10-09 00:48:38Z,2025-10-09 00:49:22Z,4
4198740,1,329,2025-10-09 00:48:26Z,2025-10-09 00:49:17Z,3
4199700,1,327,2025-10-09 00:48:38Z,2025-10-09 00:49:23Z,3
4199697,1,325,2025-10-09 00:40:16Z,2025-10-09 00:41:14Z,2
4199697,1,330,2025-10-09 00:41:13Z,2025-10-09 00:49:02Z,2
4198740,1,326,2025-10-09 00:48:33Z,2025-10-09 00:49:16Z,2
4199775,1,329,2025-10-09 00:48:38Z,2025-10-09 00:49:17Z,2
4199508,1,329,2025-10-09 00:49:19Z,2025-10-09 00:49:20Z,2
4199697,1,362,2025-10-09 00:40:08Z,2025-10-09 00:40:08Z,1
4101,3,144,2025-10-09 00:40:11Z,2025-10-09 00:40:11Z,1
2,5,752,2025-10-09 00:40:11Z,2025-10-09 00:40:11Z,1
524288,5,726,2025-10-09 00:40:12Z,2025-10-09 00:40:12Z,1
4199697,3,144,2025-10-09 00:40:14Z,2025-10-09 00:40:14Z,1
4199697,1,332,2025-10-09 00:40:14Z,2025-10-09 00:40:14Z,1
4194304,5,756,2025-10-09 00:40:14Z,2025-10-09 00:40:14Z,1
2176,4,1737,2025-10-09 00:40:15Z,2025-10-09 00:40:15Z,1
16,2,1004,2025-10-09 00:40:17Z,2025-10-09 00:40:17Z,1
4199697,1,326,2025-10-09 00:40:52Z,2025-10-09 00:40:52Z,1
4199697,3,143,2025-10-09 00:40:52Z,2025-10-09 00:40:52Z,1
4200209,3,141,2025-10-09 00:40:54Z,2025-10-09 00:40:54Z,1
524288,4,1743,2025-10-09 00:41:14Z,2025-10-09 00:41:14Z,1
4199697,1,331,2025-10-09 00:41:17Z,2025-10-09 00:41:17Z,1
4199764,3,144,2025-10-09 00:48:19Z,2025-10-09 00:48:19Z,1
64,4,1703,2025-10-09 00:48:21Z,2025-10-09 00:48:21Z,1
4199508,1,334,2025-10-09 00:48:22Z,2025-10-09 00:48:22Z,1
4198737,1,326,2025-10-09 00:48:31Z,2025-10-09 00:48:31Z,1
4198737,1,327,2025-10-09 00:48:31Z,2025-10-09 00:48:31Z,1
4198772,3,142,2025-10-09 00:48:32Z,2025-10-09 00:48:32Z,1
1024,2,1163,2025-10-09 00:48:33Z,2025-10-09 00:48:33Z,1
4199508,1,326,2025-10-09 00:48:35Z,2025-10-09 00:48:35Z,1
262272,2,1029,2025-10-09 00:48:43Z,2025-10-09 00:48:43Z,1
4195665,3,142,2025-10-09 00:48:44Z,2025-10-09 00:48:44Z,1
131072,5,733,2025-10-09 00:48:44Z,2025-10-09 00:48:44Z,1
4195669,1,327,2025-10-09 00:48:44Z,2025-10-09 00:48:44Z,1
4195668,1,326,2025-10-09 00:48:46Z,2025-10-09 00:48:46Z,1
4195668,1,330,2025-10-09 00:48:47Z,2025-10-09 00:48:47Z,1
64,2,1248,2025-10-09 00:48:47Z,2025-10-09 00:48:47Z,1
1574228,3,142,2025-10-09 00:48:47Z,2025-10-09 00:48:47Z,1
4195665,1,328,2025-10-09 00:48:55Z,2025-10-09 00:48:55Z,1
4199086,3,143,2025-10-09 00:48:57Z,2025-10-09 00:48:57Z,1
4198737,3,144,2025-10-09 00:48:58Z,2025-10-09 00:48:58Z,1
4199505,1,330,2025-10-09 00:48:59Z,2025-10-09 00:48:59Z,1
4199505,1,329,2025-10-09 00:48:59Z,2025-10-09 00:48:59Z,1
4199505,1,327,2025-10-09 00:48:59Z,2025-10-09 00:48:59Z,1
4199505,1,331,2025-10-09 00:49:00Z,2025-10-09 00:49:00Z,1
4199505,1,328,2025-10-09 00:49:00Z,2025-10-09 00:49:00Z,1
65536,4,1714,2025-10-09 00:49:00Z,2025-10-09 00:49:00Z,1
5237646,3,143,2025-10-09 00:49:00Z,2025-10-09 00:49:00Z,1
478713858,3,218,2025-10-09 00:49:11Z,2025-10-09 00:49:11Z,1
4195668,1,329,2025-10-09 00:49:12Z,2025-10-09 00:49:12Z,1
4198740,1,330,2025-10-09 00:49:14Z,2025-10-09 00:49:14Z,1
512,4,1757,2025-10-09 00:49:16Z,2025-10-09 00:49:16Z,1
4199765,1,328,2025-10-09 00:49:18Z,2025-10-09 00:49:18Z,1
132096,2,1025,2025-10-09 00:49:19Z,2025-10-09 00:49:19Z,1
4096,4,1701,2025-10-09 00:49:19Z,2025-10-09 00:49:19Z,1
32768,5,737,2025-10-09 00:49:22Z,2025-10-09 00:49:22Z,1
4199697,1,328,2025-10-09 00:40:15Z,2025-10-09 00:49:01Z,9
4199697,1,327,2025-10-09 00:40:10Z,2025-10-09 00:49:02Z,7
4199508,1,328,2025-10-09 00:48:22Z,2025-10-09 00:49:20Z,7
4198740,1,328,2025-10-09 00:48:25Z,2025-10-09 00:49:15Z,6
4198737,1,328,2025-10-09 00:48:31Z,2025-10-09 00:48:58Z,5
4195665,1,327,2025-10-09 00:48:43Z,2025-10-09 00:48:56Z,5
4195668,1,328,2025-10-09 00:48:47Z,2025-10-09 00:49:12Z,5
4195668,1,327,2025-10-09 00:48:47Z,2025-10-09 00:49:13Z,5
4198740,1,327,2025-10-09 00:49:15Z,2025-10-09 00:49:16Z,5
4199697,1,324,2025-10-09 00:40:10Z,2025-10-09 00:41:17Z,4
4199697,1,329,2025-10-09 00:40:13Z,2025-10-09 00:48:37Z,4
4199700,1,328,2025-10-09 00:48:19Z,2025-10-09 00:49:23Z,4
4199508,1,327,2025-10-09 00:48:23Z,2025-10-09 00:49:21Z,4
4199700,1,329,2025-10-09 00:48:38Z,2025-10-09 00:49:22Z,4
4198740,1,329,2025-10-09 00:48:26Z,2025-10-09 00:49:17Z,3
4199700,1,327,2025-10-09 00:48:38Z,2025-10-09 00:49:23Z,3
4199697,1,325,2025-10-09 00:40:16Z,2025-10-09 00:41:14Z,2
4199697,1,330,2025-10-09 00:41:13Z,2025-10-09 00:49:02Z,2
4198740,1,326,2025-10-09 00:48:33Z,2025-10-09 00:49:16Z,2
4199775,1,329,2025-10-09 00:48:38Z,2025-10-09 00:49:17Z,2
4199508,1,329,2025-10-09 00:49:19Z,2025-10-09 00:49:20Z,2
4199697,1,362,2025-10-09 00:40:08Z,2025-10-09 00:40:08Z,1
4101,3,144,2025-10-09 00:40:11Z,2025-10-09 00:40:11Z,1
2,5,752,2025-10-09 00:40:11Z,2025-10-09 00:40:11Z,1
524288,5,726,2025-10-09 00:40:12Z,2025-10-09 00:40:12Z,1
4199697,3,144,2025-10-09 00:40:14Z,2025-10-09 00:40:14Z,1
4199697,1,332,2025-10-09 00:40:14Z,2025-10-09 00:40:14Z,1
4194304,5,756,2025-10-09 00:40:14Z,2025-10-09 00:40:14Z,1
2176,4,1737,2025-10-09 00:40:15Z,2025-10-09 00:40:15Z,1
16,2,1004,2025-10-09 00:40:17Z,2025-10-09 00:40:17Z,1
4199697,1,326,2025-10-09 00:40:52Z,2025-10-09 00:40:52Z,1
4199697,3,143,2025-10-09 00:40:52Z,2025-10-09 00:40:52Z,1
4200209,3,141,2025-10-09 00:40:54Z,2025-10-09 00:40:54Z,1
524288,4,1743,2025-10-09 00:41:14Z,2025-10-09 00:41:14Z,1
4199697,1,331,2025-10-09 00:41:17Z,2025-10-09 00:41:17Z,1
4199764,3,144,2025-10-09 00:48:19Z,2025-10-09 00:48:19Z,1
64,4,1703,2025-10-09 00:48:21Z,2025-10-09 00:48:21Z,1
4199508,1,334,2025-10-09 00:48:22Z,2025-10-09 00:48:22Z,1
4198737,1,326,2025-10-09 00:48:31Z,2025-10-09 00:48:31Z,1
4198737,1,327,2025-10-09 00:48:31Z,2025-10-09 00:48:31Z,1
4198772,3,142,2025-10-09 00:48:32Z,2025-10-09 00:48:32Z,1
1024,2,1163,2025-10-09 00:48:33Z,2025-10-09 00:48:33Z,1
4199508,1,326,2025-10-09 00:48:35Z,2025-10-09 00:48:35Z,1
262272,2,1029,2025-10-09 00:48:43Z,2025-10-09 00:48:43Z,1
4195665,3,142,2025-10-09 00:48:44Z,2025-10-09 00:48:44Z,1
131072,5,733,2025-10-09 00:48:44Z,2025-10-09 00:48:44Z,1
4195669,1,327,2025-10-09 00:48:44Z,2025-10-09 00:48:44Z,1
4195668,1,326,2025-10-09 00:48:46Z,2025-10-09 00:48:46Z,1
4195668,1,330,2025-10-09 00:48:47Z,2025-10-09 00:48:47Z,1
64,2,1248,2025-10-09 00:48:47Z,2025-10-09 00:48:47Z,1
1574228,3,142,2025-10-09 00:48:47Z,2025-10-09 00:48:47Z,1
4195665,1,328,2025-10-09 00:48:55Z,2025-10-09 00:48:55Z,1
4199086,3,143,2025-10-09 00:48:57Z,2025-10-09 00:48:57Z,1
4198737,3,144,2025-10-09 00:48:58Z,2025-10-09 00:48:58Z,1
4199505,1,330,2025-10-09 00:48:59Z,2025-10-09 00:48:59Z,1
4199505,1,329,2025-10-09 00:48:59Z,2025-10-09 00:48:59Z,1
4199505,1,327,2025-10-09 00:48:59Z,2025-10-09 00:48:59Z,1
4199505,1,331,2025-10-09 00:49:00Z,2025-10-09 00:49:00Z,1
4199505,1,328,2025-10-09 00:49:00Z,2025-10-09 00:49:00Z,1
65536,4,1714,2025-10-09 00:49:00Z,2025-10-09 00:49:00Z,1
5237646,3,143,2025-10-09 00:49:00Z,2025-10-09 00:49:00Z,1
478713858,3,218,2025-10-09 00:49:11Z,2025-10-09 00:49:11Z,1
4195668,1,329,2025-10-09 00:49:12Z,2025-10-09 00:49:12Z,1
4198740,1,330,2025-10-09 00:49:14Z,2025-10-09 00:49:14Z,1
512,4,1757,2025-10-09 00:49:16Z,2025-10-09 00:49:16Z,1
4199765,1,328,2025-10-09 00:49:18Z,2025-10-09 00:49:18Z,1
132096,2,1025,2025-10-09 00:49:19Z,2025-10-09 00:49:19Z,1
4096,4,1701,2025-10-09 00:49:19Z,2025-10-09 00:49:19Z,1
32768,5,737,2025-10-09 00:49:22Z,2025-10-09 00:49:22Z,1
4199697,1,328,2025-10-09 00:40:15Z,2025-10-09 00:49:01Z,9
4199697,1,327,2025-10-09 00:40:10Z,2025-10-09 00:49:02Z,7
4199508,1,328,2025-10-09 00:48:22Z,2025-10-09 00:49:20Z,7
4198740,1,328,2025-10-09 00:48:25Z,2025-10-09 00:49:15Z,6
4198737,1,328,2025-10-09 00:48:31Z,2025-10-09 00:48:58Z,5
4195665,1,327,2025-10-09 00:48:43Z,2025-10-09 00:48:56Z,5
4195668,1,328,2025-10-09 00:48:47Z,2025-10-09 00:49:12Z,5
4195668,1,327,2025-10-09 00:48:47Z,2025-10-09 00:49:13Z,5
4198740,1,327,2025-10-09 00:49:15Z,2025-10-09 00:49:16Z,5
4199697,1,324,2025-10-09 00:40:10Z,2025-10-09 00:41:17Z,4
4199697,1,329,2025-10-09 00:40:13Z,2025-10-09 00:48:37Z,4
4199700,1,328,2025-10-09 00:48:19Z,2025-10-09 00:49:23Z,4
4199508,1,327,2025-10-09 00:48:23Z,2025-10-09 00:49:21Z,4
4199700,1,329,2025-10-09 00:48:38Z,2025-10-09 00:49:22Z,4
4198740,1,329,2025-10-09 00:48:26Z,2025-10-09 00:49:17Z,3
4199700,1,327,2025-10-09 00:48:38Z,2025-10-09 00:49:23Z,3
4199697,1,325,2025-10-09 00:40:16Z,2025-10-09 00:41:14Z,2
4199697,1,330,2025-10-09 00:41:13Z,2025-10-09 00:49:02Z,2
4198740,1,326,2025-10-09 00:48:33Z,2025-10-09 00:49:16Z,2
4199775,1,329,2025-10-09 00:48:38Z,2025-10-09 00:49:17Z,2
4199508,1,329,2025-10-09 00:49:19Z,2025-10-09 00:49:20Z,2
4199697,1,362,2025-10-09 00:40:08Z,2025-10-09 00:40:08Z,1
4101,3,144,2025-10-09 00:40:11Z,2025-10-09 00:40:11Z,1
2,5,752,2025-10-09 00:40:11Z,2025-10-09 00:40:11Z,1
524288,5,726,2025-10-09 00:40:12Z,2025-10-09 00:40:12Z,1
4199697,3,144,2025-10-09 00:40:14Z,2025-10-09 00:40:14Z,1
4199697,1,332,2025-10-09 00:40:14Z,2025-10-09 00:40:14Z,1
4194304,5,756,2025-10-09 00:40:14Z,2025-10-09 00:40:14Z,1
2176,4,1737,2025-10-09 00:40:15Z,2025-10-09 00:40:15Z,1
16,2,1004,2025-10-09 00:40:17Z,2025-10-09 00:40:17Z,1
4199697,1,326,2025-10-09 00:40:52Z,2025-10-09 00:40:52Z,1
4199697,3,143,2025-10-09 00:40:52Z,2025-10-09 00:40:52Z,1
4200209,3,141,2025-10-09 00:40:54Z,2025-10-09 00:40:54Z,1
524288,4,1743,2025-10-09 00:41:14Z,2025-10-09 00:41:14Z,1
4199697,1,331,2025-10-09 00:41:17Z,2025-10-09 00:41:17Z,1
4199764,3,144,2025-10-09 00:48:19Z,2025-10-09 00:48:19Z,1
64,4,1703,2025-10-09 00:48:21Z,2025-10-09 00:48:21Z,1
4199508,1,334,2025-10-09 00:48:22Z,2025-10-09 00:48:22Z,1
4198737,1,326,2025-10-09 00:48:31Z,2025-10-09 00:48:31Z,1
4198737,1,327,2025-10-09 00:48:31Z,2025-10-09 00:48:31Z,1
4198772,3,142,2025-10-09 00:48:32Z,2025-10-09 00:48:32Z,1
1024,2,1163,2025-10-09 00:48:33Z,2025-10-09 00:48:33Z,1
4199508,1,326,2025-10-09 00:48:35Z,2025-10-09 00:48:35Z,1
262272,2,1029,2025-10-09 00:48:43Z,2025-10-09 00:48:43Z,1
4195665,3,142,2025-10-09 00:48:44Z,2025-10-09 00:48:44Z,1
131072,5,733,2025-10-09 00:48:44Z,2025-10-09 00:48:44Z,1
4195669,1,327,2025-10-09 00:48:44Z,2025-10-09 00:48:44Z,1
4195668,1,326,2025-10-09 00:48:46Z,2025-10-09 00:48:46Z,1
4195668,1,330,2025-10-09 00:48:47Z,2025-10-09 00:48:47Z,1
64,2,1248,2025-10-09 00:48:47Z,2025-10-09 00:48:47Z,1
1574228,3,142,2025-10-09 00:48:47Z,2025-10-09 00:48:47Z,1
4195665,1,328,2025-10-09 00:48:55Z,2025-10-09 00:48:55Z,1
4199086,3,143,2025-10-09 00:48:57Z,2025-10-09 00:48:57Z,1
4198737,3,144,2025-10-09 00:48:58Z,2025-10-09 00:48:58Z,1
4199505,1,330,2025-10-09 00:48:59Z,2025-10-09 00:48:59Z,1
4199505,1,329,2025-10-09 00:48:59Z,2025-10-09 00:48:59Z,1
4199505,1,327,2025-10-09 00:48:59Z,2025-10-09 00:48:59Z,1
4199505,1,331,2025-10-09 00:49:00Z,2025-10-09 00:49:00Z,1
4199505,1,328,2025-10-09 00:49:00Z,2025-10-09 00:49:00Z,1
65536,4,1714,2025-10-09 00:49:00Z,2025-10-09 00:49:00Z,1
5237646,3,143,2025-10-09 00:49:00Z,2025-10-09 00:49:00Z,1
478713858,3,218,2025-10-09 00:49:11Z,2025-10-09 00:49:11Z,1
4195668,1,329,2025-10-09 00:49:12Z,2025-10-09 00:49:12Z,1
4198740,1,330,2025-10-09 00:49:14Z,2025-10-09 00:49:14Z,1
512,4,1757,2025-10-09 00:49:16Z,2025-10-09 00:49:16Z,1
4199765,1,328,2025-10-09 00:49:18Z,2025-10-09 00:49:18Z,1
132096,2,1025,2025-10-09 00:49:19Z,2025-10-09 00:49:19Z,1
4096,4,1701,2025-10-09 00:49:19Z,2025-10-09 00:49:19Z,1
32768,5,737,2025-10-09 00:49:22Z,2025-10-09 00:49:22Z,1
4199697,1,330,2025-10-09 01:07:07Z,2025-10-09 01:07:41Z,3
4199697,1,326,2025-10-09 01:07:10Z,2025-10-09 01:07:39Z,2
4199697,1,325,2025-10-09 01:07:40Z,2025-10-09 01:07:43Z,2
4199697,1,329,2025-10-09 01:07:42Z,2025-10-09 01:07:42Z,2
1,5,718,2025-10-09 01:07:38Z,2025-10-09 01:07:38Z,1
16,2,1005,2025-10-09 01:07:43Z,2025-10-09 01:07:43Z,1
4199697,1,324,2025-10-09 01:07:44Z,2025-10-09 01:07:44Z,1
2097152,2,1019,2025-10-09 01:07:44Z,2025-10-09 01:07:44Z,1
4199697,1,328,2025-10-09 01:09:00Z,2025-10-09 01:09:00Z,1
278528,4,1686,2025-10-09 01:09:00Z,2025-10-09 01:09:00Z,1
10242,5,726,2025-10-09 01:09:13Z,2025-10-09 01:09:13Z,1
4199698,1,326,2025-10-09 01:09:13Z,2025-10-09 01:09:13Z,1
4199698,1,427,2025-10-09 01:09:27Z,2025-10-09 01:09:27Z,1
16777216,4,2228,2025-10-09 01:09:27Z,2025-10-09 01:09:27Z,1
4199693,1,427,2025-10-09 01:09:41Z,2025-10-09 01:09:41Z,1
4199693,1,424,2025-10-09 01:09:41Z,2025-10-09 01:09:41Z,1
4199693,1,422,2025-10-09 01:09:58Z,2025-10-09 01:09:58Z,1
4199697,1,330,2025-10-09 01:07:07Z,2025-10-09 01:11:55Z,5
4199697,1,324,2025-10-09 01:07:44Z,2025-10-09 01:11:54Z,4
4199697,1,323,2025-10-09 01:11:25Z,2025-10-09 01:11:57Z,4
4199697,1,325,2025-10-09 01:07:40Z,2025-10-09 01:11:52Z,3
4199697,1,328,2025-10-09 01:09:00Z,2025-10-09 01:11:51Z,3
4199697,1,326,2025-10-09 01:07:10Z,2025-10-09 01:07:39Z,2
4199697,1,329,2025-10-09 01:07:42Z,2025-10-09 01:07:42Z,2
1,5,718,2025-10-09 01:07:38Z,2025-10-09 01:07:38Z,1
16,2,1005,2025-10-09 01:07:43Z,2025-10-09 01:07:43Z,1
2097152,2,1019,2025-10-09 01:07:44Z,2025-10-09 01:07:44Z,1
278528,4,1686,2025-10-09 01:09:00Z,2025-10-09 01:09:00Z,1
10242,5,726,2025-10-09 01:09:13Z,2025-10-09 01:09:13Z,1
4199698,1,326,2025-10-09 01:09:13Z,2025-10-09 01:09:13Z,1
4199698,1,427,2025-10-09 01:09:27Z,2025-10-09 01:09:27Z,1
16777216,4,2228,2025-10-09 01:09:27Z,2025-10-09 01:09:27Z,1
4199693,1,427,2025-10-09 01:09:41Z,2025-10-09 01:09:41Z,1
4199693,1,424,2025-10-09 01:09:41Z,2025-10-09 01:09:41Z,1
4199693,1,422,2025-10-09 01:09:58Z,2025-10-09 01:09:58Z,1
4199693,1,426,2025-10-09 01:10:32Z,2025-10-09 01:10:32Z,1
4096,2,1326,2025-10-09 01:11:06Z,2025-10-09 01:11:06Z,1
4199693,3,186,2025-10-09 01:11:06Z,2025-10-09 01:11:06Z,1
262144,2,1016,2025-10-09 01:11:25Z,2025-10-09 01:11:25Z,1
5,5,724,2025-10-09 01:11:34Z,2025-10-09 01:11:34Z,1
4199697,3,151,2025-10-09 01:11:51Z,2025-10-09 01:11:51Z,1
2097152,2,1238,2025-10-09 01:11:51Z,2025-10-09 01:11:51Z,1
4199697,3,141,2025-10-09 01:11:52Z,2025-10-09 01:11:52Z,1
4199697,1,327,2025-10-09 01:11:53Z,2025-10-09 01:11:53Z,1
2097152,2,1085,2025-10-09 01:11:53Z,2025-10-09 01:11:53Z,1
4199697,3,142,2025-10-09 01:11:54Z,2025-10-09 01:11:54Z,1
4104,4,1798,2025-10-09 01:11:57Z,2025-10-09 01:11:57Z,1
7780740,2,842,2025-10-09 01:14:34Z,2025-10-09 01:14:34Z,1
8701112,5,448,2025-10-09 01:14:35Z,2025-10-09 01:14:35Z,1
4229176,1,355,2025-10-09 01:14:38Z,2025-10-09 01:14:38Z,1
4635465,2,709,2025-10-09 01:14:41Z,2025-10-09 01:14:41Z,1
1773453,1,816,2025-10-09 01:14:42Z,2025-10-09 01:14:42Z,1
3933963,5,556,2025-10-09 01:14:48Z,2025-10-09 01:14:48Z,1
6856791,5,501,2025-10-09 01:14:50Z,2025-10-09 01:14:50Z,1
5081143,4,906,2025-10-09 01:14:52Z,2025-10-09 01:14:52Z,1
1621536,5,641,2025-10-09 01:14:54Z,2025-10-09 01:14:54Z,1
24944,5,1839,2025-10-09 01:14:55Z,2025-10-09 01:14:55Z,1
6385675,3,362,2025-10-09 01:14:55Z,2025-10-09 01:14:55Z,1
11948962,2,955,2025-10-09 01:15:04Z,2025-10-09 01:15:04Z,1
4199697,1,330,2025-10-09 01:07:07Z,2025-10-09 01:11:55Z,5
4199697,1,324,2025-10-09 01:07:44Z,2025-10-09 01:11:54Z,4
4199697,1,323,2025-10-09 01:11:25Z,2025-10-09 01:11:57Z,4
4199697,1,325,2025-10-09 01:07:40Z,2025-10-09 01:11:52Z,3
4199697,1,328,2025-10-09 01:09:00Z,2025-10-09 01:11:51Z,3
4199697,1,326,2025-10-09 01:07:10Z,2025-10-09 01:07:39Z,2
4199697,1,329,2025-10-09 01:07:42Z,2025-10-09 01:07:42Z,2
1,5,718,2025-10-09 01:07:38Z,2025-10-09 01:07:38Z,1
16,2,1005,2025-10-09 01:07:43Z,2025-10-09 01:07:43Z,1
2097152,2,1019,2025-10-09 01:07:44Z,2025-10-09 01:07:44Z,1
278528,4,1686,2025-10-09 01:09:00Z,2025-10-09 01:09:00Z,1
10242,5,726,2025-10-09 01:09:13Z,2025-10-09 01:09:13Z,1
4199698,1,326,2025-10-09 01:09:13Z,2025-10-09 01:09:13Z,1
4199698,1,427,2025-10-09 01:09:27Z,2025-10-09 01:09:27Z,1
16777216,4,2228,2025-10-09 01:09:27Z,2025-10-09 01:09:27Z,1
4199693,1,427,2025-10-09 01:09:41Z,2025-10-09 01:09:41Z,1
4199693,1,424,2025-10-09 01:09:41Z,2025-10-09 01:09:41Z,1
4199693,1,422,2025-10-09 01:09:58Z,2025-10-09 01:09:58Z,1
4199693,1,426,2025-10-09 01:10:32Z,2025-10-09 01:10:32Z,1
4096,2,1326,2025-10-09 01:11:06Z,2025-10-09 01:11:06Z,1
4199693,3,186,2025-10-09 01:11:06Z,2025-10-09 01:11:06Z,1
262144,2,1016,2025-10-09 01:11:25Z,2025-10-09 01:11:25Z,1
5,5,724,2025-10-09 01:11:34Z,2025-10-09 01:11:34Z,1
4199697,3,151,2025-10-09 01:11:51Z,2025-10-09 01:11:51Z,1
2097152,2,1238,2025-10-09 01:11:51Z,2025-10-09 01:11:51Z,1
4199697,3,141,2025-10-09 01:11:52Z,2025-10-09 01:11:52Z,1
4199697,1,327,2025-10-09 01:11:53Z,2025-10-09 01:11:53Z,1
2097152,2,1085,2025-10-09 01:11:53Z,2025-10-09 01:11:53Z,1
4199697,3,142,2025-10-09 01:11:54Z,2025-10-09 01:11:54Z,1
4104,4,1798,2025-10-09 01:11:57Z,2025-10-09 01:11:57Z,1
7780740,2,842,2025-10-09 01:14:34Z,2025-10-09 01:14:34Z,1
8701112,5,448,2025-10-09 01:14:35Z,2025-10-09 01:14:35Z,1
4229176,1,355,2025-10-09 01:14:38Z,2025-10-09 01:14:38Z,1
4635465,2,709,2025-10-09 01:14:41Z,2025-10-09 01:14:41Z,1
1773453,1,816,2025-10-09 01:14:42Z,2025-10-09 01:14:42Z,1
3933963,5,556,2025-10-09 01:14:48Z,2025-10-09 01:14:48Z,1
6856791,5,501,2025-10-09 01:14:50Z,2025-10-09 01:14:50Z,1
5081143,4,906,2025-10-09 01:14:52Z,2025-10-09 01:14:52Z,1
1621536,5,641,2025-10-09 01:14:54Z,2025-10-09 01:14:54Z,1
24944,5,1839,2025-10-09 01:14:55Z,2025-10-09 01:14:55Z,1
6385675,3,362,2025-10-09 01:14:55Z,2025-10-09 01:14:55Z,1
11948962,2,955,2025-10-09 01:15:04Z,2025-10-09 01:15:04Z,1
8897807,3,321,2025-10-09 01:15:05Z,2025-10-09 01:15:05Z,1
8689,1,722,2025-10-09 01:15:05Z,2025-10-09 01:15:05Z,1
9094951,1,382,2025-10-09 01:15:06Z,2025-10-09 01:15:06Z,1
10254794,2,744,2025-10-09 01:15:09Z,2025-10-09 01:15:09Z,1
2843974,1,740,2025-10-09 01:15:10Z,2025-10-09 01:15:10Z,1
2843974,1,784,2025-10-09 01:15:10Z,2025-10-09 01:15:10Z,1
8509452,3,105,2025-10-09 01:15:11Z,2025-10-09 01:15:11Z,1
4261897,3,392,2025-10-09 01:15:12Z,2025-10-09 01:15:12Z,1
8525271,5,404,2025-10-09 01:15:15Z,2025-10-09 01:15:15Z,1
3538114,2,987,2025-10-09 01:15:17Z,2025-10-09 01:15:17Z,1
5457030,5,463,2025-10-09 01:15:18Z,2025-10-09 01:15:18Z,1
5770101,5,730,2025-10-09 01:15:18Z,2025-10-09 01:15:18Z,1
8536615,4,900,2025-10-09 01:15:20Z,2025-10-09 01:15:20Z,1
148007,4,937,2025-10-09 01:15:20Z,2025-10-09 01:15:20Z,1
7166708,5,661,2025-10-09 01:15:20Z,2025-10-09 01:15:20Z,1
3304979,2,625,2025-10-09 01:15:21Z,2025-10-09 01:15:21Z,1
9156710,2,855,2025-10-09 01:15:22Z,2025-10-09 01:15:22Z,1
1,4,842,2025-10-09 01:15:23Z,2025-10-09 01:15:23Z,1
7081772,5,1444,2025-10-09 01:15:24Z,2025-10-09 01:15:24Z,1
591996042,1,419,2025-10-09 01:15:25Z,2025-10-09 01:15:25Z,1
67405214,5,1866,2025-10-09 01:15:26Z,2025-10-09 01:15:26Z,1
9921886,5,691,2025-10-09 01:15:28Z,2025-10-09 01:15:28Z,1
1408020,5,966,2025-10-09 01:15:29Z,2025-10-09 01:15:29Z,1
6086532,2,973,2025-10-09 01:15:31Z,2025-10-09 01:15:31Z,1
6958940,3,133,2025-10-09 01:15:34Z,2025-10-09 01:15:34Z,1
4194304,5,621,2025-10-09 01:15:34Z,2025-10-09 01:15:34Z,1
1048576,4,846,2025-10-09 01:15:37Z,2025-10-09 01:15:37Z,1
8203074,1,619,2025-10-09 01:15:39Z,2025-10-09 01:15:39Z,1
1,4,1254,2025-10-09 01:15:39Z,2025-10-09 01:15:39Z,1
741156,5,568,2025-10-09 01:15:42Z,2025-10-09 01:15:42Z,1
544,4,1346,2025-10-09 01:15:42Z,2025-10-09 01:15:42Z,1
2344411,1,975,2025-10-09 01:15:52Z,2025-10-09 01:15:52Z,1
8160281,5,1373,2025-10-09 01:15:55Z,2025-10-09 01:15:55Z,1
9051521,5,510,2025-10-09 01:16:00Z,2025-10-09 01:16:00Z,1
9887844,5,554,2025-10-09 01:16:02Z,2025-10-09 01:16:02Z,1
128,4,1380,2025-10-09 01:16:04Z,2025-10-09 01:16:04Z,1
256,4,1374,2025-10-09 01:16:04Z,2025-10-09 01:16:04Z,1
32768,2,1850,2025-10-09 01:16:05Z,2025-10-09 01:16:05Z,1
1023420,5,1325,2025-10-09 01:16:05Z,2025-10-09 01:16:05Z,1
6959584,5,807,2025-10-09 01:16:09Z,2025-10-09 01:16:09Z,1
2029978,5,415,2025-10-09 01:16:11Z,2025-10-09 01:16:11Z,1
147074130,1,597,2025-10-09 01:16:12Z,2025-10-09 01:16:12Z,1
7192120,5,567,2025-10-09 01:16:13Z,2025-10-09 01:16:13Z,1
1586199,2,613,2025-10-09 01:16:14Z,2025-10-09 01:16:14Z,1
10242,4,963,2025-10-09 01:16:14Z,2025-10-09 01:16:14Z,1
6750264,5,535,2025-10-09 01:16:16Z,2025-10-09 01:16:16Z,1
6160002,1,286,2025-10-09 01:16:19Z,2025-10-09 01:16:19Z,1
1522170,1,326,2025-10-09 01:16:20Z,2025-10-09 01:16:20Z,1
7773063,3,79,2025-10-09 01:16:23Z,2025-10-09 01:16:23Z,1
9727055,2,931,2025-10-09 01:16:25Z,2025-10-09 01:16:25Z,1
91856,1,870,2025-10-09 01:16:27Z,2025-10-09 01:16:27Z,1
1024,4,1522,2025-10-09 01:16:28Z,2025-10-09 01:16:28Z,1
1,4,862,2025-10-09 01:16:29Z,2025-10-09 01:16:29Z,1
6551938,4,903,2025-10-09 01:16:34Z,2025-10-09 01:16:34Z,1
7151375,5,768,2025-10-09 01:16:37Z,2025-10-09 01:16:37Z,1
938344,5,1151,2025-10-09 01:16:38Z,2025-10-09 01:16:38Z,1
65536,5,1058,2025-10-09 01:16:39Z,2025-10-09 01:16:39Z,1
149869,5,665,2025-10-09 01:16:41Z,2025-10-09 01:16:41Z,1
516990,1,241,2025-10-09 01:16:41Z,2025-10-09 01:16:41Z,1
2177320,3,321,2025-10-09 01:16:46Z,2025-10-09 01:16:46Z,1
7694768,2,894,2025-10-09 01:16:49Z,2025-10-09 01:16:49Z,1
4464640,4,1500,2025-10-09 01:16:50Z,2025-10-09 01:16:50Z,1
2226116,5,823,2025-10-09 01:16:50Z,2025-10-09 01:16:50Z,1
8844688,3,218,2025-10-09 01:16:52Z,2025-10-09 01:16:52Z,1
6814179,5,958,2025-10-09 01:16:53Z,2025-10-09 01:16:53Z,1
4199697,1,330,2025-10-09 01:07:07Z,2025-10-09 01:11:55Z,5
4199697,1,324,2025-10-09 01:07:44Z,2025-10-09 01:11:54Z,4
4199697,1,323,2025-10-09 01:11:25Z,2025-10-09 01:11:57Z,4
4199697,1,325,2025-10-09 01:07:40Z,2025-10-09 01:11:52Z,3
4199697,1,328,2025-10-09 01:09:00Z,2025-10-09 01:11:51Z,3
4199697,1,326,2025-10-09 01:07:10Z,2025-10-09 01:07:39Z,2
4199697,1,329,2025-10-09 01:07:42Z,2025-10-09 01:07:42Z,2
4199697,1,327,2025-10-09 01:11:53Z,2025-10-09 01:20:17Z,2
1,5,718,2025-10-09 01:07:38Z,2025-10-09 01:07:38Z,1
16,2,1005,2025-10-09 01:07:43Z,2025-10-09 01:07:43Z,1
2097152,2,1019,2025-10-09 01:07:44Z,2025-10-09 01:07:44Z,1
278528,4,1686,2025-10-09 01:09:00Z,2025-10-09 01:09:00Z,1
10242,5,726,2025-10-09 01:09:13Z,2025-10-09 01:09:13Z,1
4199698,1,326,2025-10-09 01:09:13Z,2025-10-09 01:09:13Z,1
4199698,1,427,2025-10-09 01:09:27Z,2025-10-09 01:09:27Z,1
16777216,4,2228,2025-10-09 01:09:27Z,2025-10-09 01:09:27Z,1
4199693,1,427,2025-10-09 01:09:41Z,2025-10-09 01:09:41Z,1
4199693,1,424,2025-10-09 01:09:41Z,2025-10-09 01:09:41Z,1
4199693,1,422,2025-10-09 01:09:58Z,2025-10-09 01:09:58Z,1
4199693,1,426,2025-10-09 01:10:32Z,2025-10-09 01:10:32Z,1
4096,2,1326,2025-10-09 01:11:06Z,2025-10-09 01:11:06Z,1
4199693,3,186,2025-10-09 01:11:06Z,2025-10-09 01:11:06Z,1
262144,2,1016,2025-10-09 01:11:25Z,2025-10-09 01:11:25Z,1
5,5,724,2025-10-09 01:11:34Z,2025-10-09 01:11:34Z,1
4199697,3,151,2025-10-09 01:11:51Z,2025-10-09 01:11:51Z,1
2097152,2,1238,2025-10-09 01:11:51Z,2025-10-09 01:11:51Z,1
4199697,3,141,2025-10-09 01:11:52Z,2025-10-09 01:11:52Z,1
2097152,2,1085,2025-10-09 01:11:53Z,2025-10-09 01:11:53Z,1
4199697,3,142,2025-10-09 01:11:54Z,2025-10-09 01:11:54Z,1
4104,4,1798,2025-10-09 01:11:57Z,2025-10-09 01:11:57Z,1
7780740,2,842,2025-10-09 01:14:34Z,2025-10-09 01:14:34Z,1
8701112,5,448,2025-10-09 01:14:35Z,2025-10-09 01:14:35Z,1
4229176,1,355,2025-10-09 01:14:38Z,2025-10-09 01:14:38Z,1
4635465,2,709,2025-10-09 01:14:41Z,2025-10-09 01:14:41Z,1
1773453,1,816,2025-10-09 01:14:42Z,2025-10-09 01:14:42Z,1
3933963,5,556,2025-10-09 01:14:48Z,2025-10-09 01:14:48Z,1
6856791,5,501,2025-10-09 01:14:50Z,2025-10-09 01:14:50Z,1
5081143,4,906,2025-10-09 01:14:52Z,2025-10-09 01:14:52Z,1
1621536,5,641,2025-10-09 01:14:54Z,2025-10-09 01:14:54Z,1
24944,5,1839,2025-10-09 01:14:55Z,2025-10-09 01:14:55Z,1
6385675,3,362,2025-10-09 01:14:55Z,2025-10-09 01:14:55Z,1
11948962,2,955,2025-10-09 01:15:04Z,2025-10-09 01:15:04Z,1
8897807,3,321,2025-10-09 01:15:05Z,2025-10-09 01:15:05Z,1
8689,1,722,2025-10-09 01:15:05Z,2025-10-09 01:15:05Z,1
9094951,1,382,2025-10-09 01:15:06Z,2025-10-09 01:15:06Z,1
10254794,2,744,2025-10-09 01:15:09Z,2025-10-09 01:15:09Z,1
2843974,1,740,2025-10-09 01:15:10Z,2025-10-09 01:15:10Z,1
2843974,1,784,2025-10-09 01:15:10Z,2025-10-09 01:15:10Z,1
8509452,3,105,2025-10-09 01:15:11Z,2025-10-09 01:15:11Z,1
4261897,3,392,2025-10-09 01:15:12Z,2025-10-09 01:15:12Z,1
8525271,5,404,2025-10-09 01:15:15Z,2025-10-09 01:15:15Z,1
3538114,2,987,2025-10-09 01:15:17Z,2025-10-09 01:15:17Z,1
5457030,5,463,2025-10-09 01:15:18Z,2025-10-09 01:15:18Z,1
5770101,5,730,2025-10-09 01:15:18Z,2025-10-09 01:15:18Z,1
8536615,4,900,2025-10-09 01:15:20Z,2025-10-09 01:15:20Z,1
148007,4,937,2025-10-09 01:15:20Z,2025-10-09 01:15:20Z,1
7166708,5,661,2025-10-09 01:15:20Z,2025-10-09 01:15:20Z,1
3304979,2,625,2025-10-09 01:15:21Z,2025-10-09 01:15:21Z,1
9156710,2,855,2025-10-09 01:15:22Z,2025-10-09 01:15:22Z,1
1,4,842,2025-10-09 01:15:23Z,2025-10-09 01:15:23Z,1
7081772,5,1444,2025-10-09 01:15:24Z,2025-10-09 01:15:24Z,1
591996042,1,419,2025-10-09 01:15:25Z,2025-10-09 01:15:25Z,1
67405214,5,1866,2025-10-09 01:15:26Z,2025-10-09 01:15:26Z,1
9921886,5,691,2025-10-09 01:15:28Z,2025-10-09 01:15:28Z,1
1408020,5,966,2025-10-09 01:15:29Z,2025-10-09 01:15:29Z,1
6086532,2,973,2025-10-09 01:15:31Z,2025-10-09 01:15:31Z,1
6958940,3,133,2025-10-09 01:15:34Z,2025-10-09 01:15:34Z,1
4194304,5,621,2025-10-09 01:15:34Z,2025-10-09 01:15:34Z,1
1048576,4,846,2025-10-09 01:15:37Z,2025-10-09 01:15:37Z,1
8203074,1,619,2025-10-09 01:15:39Z,2025-10-09 01:15:39Z,1
1,4,1254,2025-10-09 01:15:39Z,2025-10-09 01:15:39Z,1
741156,5,568,2025-10-09 01:15:42Z,2025-10-09 01:15:42Z,1
544,4,1346,2025-10-09 01:15:42Z,2025-10-09 01:15:42Z,1
2344411,1,975,2025-10-09 01:15:52Z,2025-10-09 01:15:52Z,1
8160281,5,1373,2025-10-09 01:15:55Z,2025-10-09 01:15:55Z,1
9051521,5,510,2025-10-09 01:16:00Z,2025-10-09 01:16:00Z,1
9887844,5,554,2025-10-09 01:16:02Z,2025-10-09 01:16:02Z,1
128,4,1380,2025-10-09 01:16:04Z,2025-10-09 01:16:04Z,1
256,4,1374,2025-10-09 01:16:04Z,2025-10-09 01:16:04Z,1
32768,2,1850,2025-10-09 01:16:05Z,2025-10-09 01:16:05Z,1
1023420,5,1325,2025-10-09 01:16:05Z,2025-10-09 01:16:05Z,1
6959584,5,807,2025-10-09 01:16:09Z,2025-10-09 01:16:09Z,1
2029978,5,415,2025-10-09 01:16:11Z,2025-10-09 01:16:11Z,1
147074130,1,597,2025-10-09 01:16:12Z,2025-10-09 01:16:12Z,1
7192120,5,567,2025-10-09 01:16:13Z,2025-10-09 01:16:13Z,1
1586199,2,613,2025-10-09 01:16:14Z,2025-10-09 01:16:14Z,1
10242,4,963,2025-10-09 01:16:14Z,2025-10-09 01:16:14Z,1
6750264,5,535,2025-10-09 01:16:16Z,2025-10-09 01:16:16Z,1
6160002,1,286,2025-10-09 01:16:19Z,2025-10-09 01:16:19Z,1
1522170,1,326,2025-10-09 01:16:20Z,2025-10-09 01:16:20Z,1
7773063,3,79,2025-10-09 01:16:23Z,2025-10-09 01:16:23Z,1
9727055,2,931,2025-10-09 01:16:25Z,2025-10-09 01:16:25Z,1
91856,1,870,2025-10-09 01:16:27Z,2025-10-09 01:16:27Z,1
1024,4,1522,2025-10-09 01:16:28Z,2025-10-09 01:16:28Z,1
1,4,862,2025-10-09 01:16:29Z,2025-10-09 01:16:29Z,1
6551938,4,903,2025-10-09 01:16:34Z,2025-10-09 01:16:34Z,1
7151375,5,768,2025-10-09 01:16:37Z,2025-10-09 01:16:37Z,1
938344,5,1151,2025-10-09 01:16:38Z,2025-10-09 01:16:38Z,1
65536,5,1058,2025-10-09 01:16:39Z,2025-10-09 01:16:39Z,1
149869,5,665,2025-10-09 01:16:41Z,2025-10-09 01:16:41Z,1
516990,1,241,2025-10-09 01:16:41Z,2025-10-09 01:16:41Z,1
2177320,3,321,2025-10-09 01:16:46Z,2025-10-09 01:16:46Z,1
7694768,2,894,2025-10-09 01:16:49Z,2025-10-09 01:16:49Z,1
4464640,4,1500,2025-10-09 01:16:50Z,2025-10-09 01:16:50Z,1
2226116,5,823,2025-10-09 01:16:50Z,2025-10-09 01:16:50Z,1
8844688,3,218,2025-10-09 01:16:52Z,2025-10-09 01:16:52Z,1
6814179,5,958,2025-10-09 01:16:53Z,2025-10-09 01:16:53Z,1
4199701,3,144,2025-10-09 01:20:17Z,2025-10-09 01:20:17Z,1
4199697,1,330,2025-10-09 01:07:07Z,2025-10-09 01:11:55Z,5
4199697,1,324,2025-10-09 01:07:44Z,2025-10-09 01:11:54Z,4
4199697,1,323,2025-10-09 01:11:25Z,2025-10-09 01:11:57Z,4
4199697,1,325,2025-10-09 01:07:40Z,2025-10-09 01:11:52Z,3
4199697,1,328,2025-10-09 01:09:00Z,2025-10-09 01:11:51Z,3
4199697,1,326,2025-10-09 01:07:10Z,2025-10-09 01:07:39Z,2
4199697,1,329,2025-10-09 01:07:42Z,2025-10-09 01:07:42Z,2
4199697,1,327,2025-10-09 01:11:53Z,2025-10-09 01:20:17Z,2
1,5,718,2025-10-09 01:07:38Z,2025-10-09 01:07:38Z,1
16,2,1005,2025-10-09 01:07:43Z,2025-10-09 01:07:43Z,1
2097152,2,1019,2025-10-09 01:07:44Z,2025-10-09 01:07:44Z,1
278528,4,1686,2025-10-09 01:09:00Z,2025-10-09 01:09:00Z,1
10242,5,726,2025-10-09 01:09:13Z,2025-10-09 01:09:13Z,1
4199698,1,326,2025-10-09 01:09:13Z,2025-10-09 01:09:13Z,1
4199698,1,427,2025-10-09 01:09:27Z,2025-10-09 01:09:27Z,1
16777216,4,2228,2025-10-09 01:09:27Z,2025-10-09 01:09:27Z,1
4199693,1,427,2025-10-09 01:09:41Z,2025-10-09 01:09:41Z,1
4199693,1,424,2025-10-09 01:09:41Z,2025-10-09 01:09:41Z,1
4199693,1,422,2025-10-09 01:09:58Z,2025-10-09 01:09:58Z,1
4199693,1,426,2025-10-09 01:10:32Z,2025-10-09 01:10:32Z,1
4096,2,1326,2025-10-09 01:11:06Z,2025-10-09 01:11:06Z,1
4199693,3,186,2025-10-09 01:11:06Z,2025-10-09 01:11:06Z,1
262144,2,1016,2025-10-09 01:11:25Z,2025-10-09 01:11:25Z,1
5,5,724,2025-10-09 01:11:34Z,2025-10-09 01:11:34Z,1
4199697,3,151,2025-10-09 01:11:51Z,2025-10-09 01:11:51Z,1
2097152,2,1238,2025-10-09 01:11:51Z,2025-10-09 01:11:51Z,1
4199697,3,141,2025-10-09 01:11:52Z,2025-10-09 01:11:52Z,1
2097152,2,1085,2025-10-09 01:11:53Z,2025-10-09 01:11:53Z,1
4199697,3,142,2025-10-09 01:11:54Z,2025-10-09 01:11:54Z,1
4104,4,1798,2025-10-09 01:11:57Z,2025-10-09 01:11:57Z,1
7780740,2,842,2025-10-09 01:14:34Z,2025-10-09 01:14:34Z,1
8701112,5,448,2025-10-09 01:14:35Z,2025-10-09 01:14:35Z,1
4229176,1,355,2025-10-09 01:14:38Z,2025-10-09 01:14:38Z,1
4635465,2,709,2025-10-09 01:14:41Z,2025-10-09 01:14:41Z,1
1773453,1,816,2025-10-09 01:14:42Z,2025-10-09 01:14:42Z,1
3933963,5,556,2025-10-09 01:14:48Z,2025-10-09 01:14:48Z,1
6856791,5,501,2025-10-09 01:14:50Z,2025-10-09 01:14:50Z,1
5081143,4,906,2025-10-09 01:14:52Z,2025-10-09 01:14:52Z,1
1621536,5,641,2025-10-09 01:14:54Z,2025-10-09 01:14:54Z,1
24944,5,1839,2025-10-09 01:14:55Z,2025-10-09 01:14:55Z,1
6385675,3,362,2025-10-09 01:14:55Z,2025-10-09 01:14:55Z,1
11948962,2,955,2025-10-09 01:15:04Z,2025-10-09 01:15:04Z,1
8897807,3,321,2025-10-09 01:15:05Z,2025-10-09 01:15:05Z,1
8689,1,722,2025-10-09 01:15:05Z,2025-10-09 01:15:05Z,1
9094951,1,382,2025-10-09 01:15:06Z,2025-10-09 01:15:06Z,1
10254794,2,744,2025-10-09 01:15:09Z,2025-10-09 01:15:09Z,1
2843974,1,740,2025-10-09 01:15:10Z,2025-10-09 01:15:10Z,1
2843974,1,784,2025-10-09 01:15:10Z,2025-10-09 01:15:10Z,1
8509452,3,105,2025-10-09 01:15:11Z,2025-10-09 01:15:11Z,1
4261897,3,392,2025-10-09 01:15:12Z,2025-10-09 01:15:12Z,1
8525271,5,404,2025-10-09 01:15:15Z,2025-10-09 01:15:15Z,1
3538114,2,987,2025-10-09 01:15:17Z,2025-10-09 01:15:17Z,1
5457030,5,463,2025-10-09 01:15:18Z,2025-10-09 01:15:18Z,1
5770101,5,730,2025-10-09 01:15:18Z,2025-10-09 01:15:18Z,1
8536615,4,900,2025-10-09 01:15:20Z,2025-10-09 01:15:20Z,1
148007,4,937,2025-10-09 01:15:20Z,2025-10-09 01:15:20Z,1
7166708,5,661,2025-10-09 01:15:20Z,2025-10-09 01:15:20Z,1
3304979,2,625,2025-10-09 01:15:21Z,2025-10-09 01:15:21Z,1
9156710,2,855,2025-10-09 01:15:22Z,2025-10-09 01:15:22Z,1
1,4,842,2025-10-09 01:15:23Z,2025-10-09 01:15:23Z,1
7081772,5,1444,2025-10-09 01:15:24Z,2025-10-09 01:15:24Z,1
591996042,1,419,2025-10-09 01:15:25Z,2025-10-09 01:15:25Z,1
67405214,5,1866,2025-10-09 01:15:26Z,2025-10-09 01:15:26Z,1
9921886,5,691,2025-10-09 01:15:28Z,2025-10-09 01:15:28Z,1
1408020,5,966,2025-10-09 01:15:29Z,2025-10-09 01:15:29Z,1
6086532,2,973,2025-10-09 01:15:31Z,2025-10-09 01:15:31Z,1
6958940,3,133,2025-10-09 01:15:34Z,2025-10-09 01:15:34Z,1
4194304,5,621,2025-10-09 01:15:34Z,2025-10-09 01:15:34Z,1
1048576,4,846,2025-10-09 01:15:37Z,2025-10-09 01:15:37Z,1
8203074,1,619,2025-10-09 01:15:39Z,2025-10-09 01:15:39Z,1
1,4,1254,2025-10-09 01:15:39Z,2025-10-09 01:15:39Z,1
741156,5,568,2025-10-09 01:15:42Z,2025-10-09 01:15:42Z,1
544,4,1346,2025-10-09 01:15:42Z,2025-10-09 01:15:42Z,1
2344411,1,975,2025-10-09 01:15:52Z,2025-10-09 01:15:52Z,1
8160281,5,1373,2025-10-09 01:15:55Z,2025-10-09 01:15:55Z,1
9051521,5,510,2025-10-09 01:16:00Z,2025-10-09 01:16:00Z,1
9887844,5,554,2025-10-09 01:16:02Z,2025-10-09 01:16:02Z,1
128,4,1380,2025-10-09 01:16:04Z,2025-10-09 01:16:04Z,1
256,4,1374,2025-10-09 01:16:04Z,2025-10-09 01:16:04Z,1
32768,2,1850,2025-10-09 01:16:05Z,2025-10-09 01:16:05Z,1
1023420,5,1325,2025-10-09 01:16:05Z,2025-10-09 01:16:05Z,1
6959584,5,807,2025-10-09 01:16:09Z,2025-10-09 01:16:09Z,1
2029978,5,415,2025-10-09 01:16:11Z,2025-10-09 01:16:11Z,1
147074130,1,597,2025-10-09 01:16:12Z,2025-10-09 01:16:12Z,1
7192120,5,567,2025-10-09 01:16:13Z,2025-10-09 01:16:13Z,1
1586199,2,613,2025-10-09 01:16:14Z,2025-10-09 01:16:14Z,1
10242,4,963,2025-10-09 01:16:14Z,2025-10-09 01:16:14Z,1
6750264,5,535,2025-10-09 01:16:16Z,2025-10-09 01:16:16Z,1
6160002,1,286,2025-10-09 01:16:19Z,2025-10-09 01:16:19Z,1
1522170,1,326,2025-10-09 01:16:20Z,2025-10-09 01:16:20Z,1
7773063,3,79,2025-10-09 01:16:23Z,2025-10-09 01:16:23Z,1
9727055,2,931,2025-10-09 01:16:25Z,2025-10-09 01:16:25Z,1
91856,1,870,2025-10-09 01:16:27Z,2025-10-09 01:16:27Z,1
1024,4,1522,2025-10-09 01:16:28Z,2025-10-09 01:16:28Z,1
1,4,862,2025-10-09 01:16:29Z,2025-10-09 01:16:29Z,1
6551938,4,903,2025-10-09 01:16:34Z,2025-10-09 01:16:34Z,1
7151375,5,768,2025-10-09 01:16:37Z,2025-10-09 01:16:37Z,1
938344,5,1151,2025-10-09 01:16:38Z,2025-10-09 01:16:38Z,1
65536,5,1058,2025-10-09 01:16:39Z,2025-10-09 01:16:39Z,1
149869,5,665,2025-10-09 01:16:41Z,2025-10-09 01:16:41Z,1
516990,1,241,2025-10-09 01:16:41Z,2025-10-09 01:16:41Z,1
2177320,3,321,2025-10-09 01:16:46Z,2025-10-09 01:16:46Z,1
7694768,2,894,2025-10-09 01:16:49Z,2025-10-09 01:16:49Z,1
4464640,4,1500,2025-10-09 01:16:50Z,2025-10-09 01:16:50Z,1
2226116,5,823,2025-10-09 01:16:50Z,2025-10-09 01:16:50Z,1
8844688,3,218,2025-10-09 01:16:52Z,2025-10-09 01:16:52Z,1
6814179,5,958,2025-10-09 01:16:53Z,2025-10-09 01:16:53Z,1
4199701,3,144,2025-10-09 01:20:17Z,2025-10-09 01:20:17Z,1
